tick,pop,food,grazer,predator,parasite,young,mean_size,mean_eta,max_gen,bites,kills,drained
10071600,94,305,0,0,0,94,2.4252741042622743,0.06506594265669412,120,7.0,1.0,41.89110225882867
10071700,93,271,84,0,4,5,2.4261237143994636,0.06501804733968392,120,7.0,0.0,48.99484766852112
10071800,92,251,85,0,3,4,2.428752170357046,0.06506373676775234,120,3.0,1.0,13.9160660215875
10071900,89,246,83,0,3,3,2.4263505581218907,0.06512417659995157,120,7.0,0.0,47.87514047090269
10072000,88,251,83,0,4,1,2.426128951298155,0.06513226833139639,120,4.0,0.0,27.256624962058737
10072100,88,245,85,0,3,0,2.426128951298155,0.06513226833139639,120,4.0,0.0,27.56670149788629
10072200,86,254,86,0,0,0,2.4244110199329967,0.065098508983565,120,3.0,0.0,21.0
10072300,85,278,85,0,0,0,2.425027896465287,0.06516748872412238,120,2.0,0.0,13.250749688870648
10072400,82,285,82,0,0,0,2.4222850146286508,0.06533413518685058,120,1.0,0.0,7.0
10072500,82,289,82,0,0,0,2.4222850146286508,0.06533413518685058,120,0.0,0.0,0.0
10072600,81,313,81,0,0,0,2.421325570364807,0.06543404938757269,120,1.0,0.0,6.883578147179539
10072700,77,332,77,0,0,0,2.4172385870071347,0.06557167794196435,120,0.0,0.0,0.0
10072800,76,343,76,0,0,0,2.4171470316085584,0.06557825456426974,120,7.0,1.0,41.50173636368804
10072900,75,338,75,0,0,0,2.417412284866555,0.06558966745418499,120,0.0,0.0,0.0
10073000,75,334,75,0,0,0,2.417412284866555,0.06558966745418499,120,2.0,0.0,13.250749688870648
10073100,73,333,73,0,0,0,2.4192188472262472,0.06574024473838119,120,0.0,0.0,0.0
10073200,73,350,73,0,0,0,2.4192188472262472,0.06574024473838119,120,1.0,0.0,7.0
10073300,73,357,73,0,0,0,2.4192188472262472,0.06574024473838119,120,2.0,0.0,12.501499377741299
10073400,73,372,73,0,0,0,2.4192188472262472,0.06574024473838119,120,2.0,0.0,13.637444051288842
10073500,73,391,73,0,0,0,2.4192188472262472,0.06574024473838119,120,1.0,0.0,6.637444051288843
10073600,73,412,73,0,0,0,2.4192188472262472,0.06574024473838119,120,0.0,0.0,0.0
10073700,72,396,72,0,0,0,2.4218134061715,0.06582125854039773,120,0.0,0.0,0.0
10073800,72,402,72,0,0,0,2.4218134061715,0.06582125854039773,120,0.0,0.0,0.0
10073900,70,426,70,0,0,0,2.4251503317617003,0.06577988294926788,120,0.0,0.0,0.0
10074000,69,433,69,0,0,0,2.424130184022263,0.06577541585233164,120,0.0,0.0,0.0
10074100,69,428,69,0,0,0,2.424130184022263,0.06577541585233164,120,1.0,0.0,7.420000000000001
10074200,68,418,68,0,0,0,2.423457956756163,0.06584415700228617,120,1.0,0.0,6.8804745704533445
10074300,68,430,68,0,0,0,2.423457956756163,0.06584415700228617,120,1.0,0.0,7.293303044680546
10074400,67,439,67,0,0,0,2.4244065684683704,0.06587537871926238,120,8.0,1.0,50.61479690553793
10074500,67,460,67,0,0,0,2.4244065684683704,0.06587537871926238,120,1.0,0.0,6.709423550380136
10074600,67,477,67,0,0,0,2.4244065684683704,0.06587537871926238,120,2.0,0.0,13.879463488242866
10074700,67,493,67,0,0,0,2.4244065684683704,0.06587537871926238,120,2.0,0.0,13.778382750666037
10074800,66,503,66,0,0,0,2.428821648468366,0.06583211027157757,120,1.0,0.0,7.0
10074900,65,495,65,0,0,0,2.4277265969063406,0.06579036635812667,120,2.0,1.0,7.420000000000001
10075000,64,503,64,0,0,0,2.4265973249830024,0.06573360847475171,120,3.0,0.0,21.27818273318572
10075100,63,489,63,0,0,0,2.4269212441081005,0.06567391224783752,120,4.0,1.0,21.549423550380137
10075200,63,493,63,0,0,0,2.4269212441081005,0.06567391224783752,120,0.0,0.0,0.0
10075300,62,488,62,0,0,0,2.429879956633438,0.06567264146061204,120,5.0,0.0,35.46581472601513
10075400,62,466,62,0,0,0,2.429879956633438,0.06567264146061204,120,3.0,0.0,20.289439407796387
10075500,61,456,61,0,0,0,2.430431714995226,0.06547306411125185,120,1.0,0.0,6.763146469265462
10075600,61,445,61,0,0,0,2.430431714995226,0.06547306411125185,120,0.0,0.0,0.0
10075700,60,437,60,0,0,0,2.431530448472891,0.06552382094994692,120,1.0,0.0,7.015480116990145
10075800,60,423,60,0,0,0,2.431530448472891,0.06552382094994692,120,2.0,0.0,14.840000000000002
10075900,60,419,60,0,0,0,2.431530448472891,0.06552382094994692,120,0.0,0.0,0.0
10076000,59,442,59,0,0,0,2.430846834082199,0.06551279357964766,120,1.0,1.0,0.0
10076100,58,443,58,0,0,0,2.4296545381180987,0.06560804717358927,120,6.0,1.0,34.780206828753535
10076200,57,431,57,0,0,0,2.43069206102187,0.06562638248565048,120,2.0,0.0,14.450261071285173
10076300,57,431,57,0,0,0,2.43069206102187,0.06562638248565048,120,0.0,0.0,0.0
10076400,57,433,57,0,0,0,2.43069206102187,0.06562638248565048,120,6.0,0.0,45.51816858599879
10076500,56,421,56,0,0,0,2.429454419254403,0.06551666864418255,120,6.0,1.0,37.512582765121664
10076600,54,408,54,0,0,0,2.4357688996594296,0.06563678294614733,120,12.0,0.0,88.97552299086541
10076700,51,415,51,0,0,0,2.4345653771928735,0.06576756046949844,120,18.0,2.0,114.7667992545276
10076800,50,411,50,0,0,0,2.4369926771730297,0.06581946758455555,120,5.0,0.0,36.20629293853092
10076900,50,391,50,0,0,0,2.4369926771730297,0.06581946758455555,120,4.0,0.0,29.640760695001866
10077000,50,373,50,0,0,0,2.4369926771730297,0.06581946758455555,120,5.0,0.0,38.24228208500559
10077100,49,360,49,0,0,0,2.435706813441867,0.06570343905078974,120,2.0,0.0,15.680000000000001
10077200,48,349,48,0,0,0,2.4343673720552395,0.06575786483122119,120,5.0,1.0,31.360000000000003
10077300,47,337,47,0,0,0,2.4329709331627973,0.06582066162629821,120,10.0,1.0,73.92
10077400,44,331,44,0,0,0,2.428400769514806,0.06576703152850909,120,3.0,1.0,14.02110744001615
10077500,44,311,44,0,0,0,2.428400769514806,0.06576703152850909,120,0.0,0.0,0.0
10077600,43,299,43,0,0,0,2.4267356711314294,0.06562419819421424,120,8.0,1.0,49.892153818777786
10077700,43,286,43,0,0,0,2.4267356711314294,0.06562419819421424,120,2.0,0.0,14.825165530243325
10077800,43,270,43,0,0,0,2.4267356711314294,0.06562419819421424,120,3.0,0.0,21.65978552682806
10077900,42,237,42,0,0,0,2.4253060630653613,0.06565339246842912,120,13.0,1.0,89.57749504806847
10078000,39,221,39,0,0,0,2.429251773707765,0.06545527297075845,120,23.0,3.0,147.3591831243846
10078100,37,190,37,0,0,0,2.4291111604249935,0.06536265705378025,120,14.0,1.0,96.93881571176436
10078200,35,191,35,0,0,0,2.4280648001914384,0.065171638513289,120,23.0,2.0,155.46409223689614
10078300,33,189,33,0,0,0,2.424965067874258,0.06542886729720734,120,14.0,1.0,94.32152303379301
10078400,32,198,32,0,0,0,2.4226202262453285,0.06512927765127935,120,3.0,1.0,14.451186006144187
10078500,32,201,32,0,0,0,2.4226202262453285,0.06512927765127935,120,14.0,0.0,106.8496094178422
10078600,30,183,30,0,0,0,2.418546507948275,0.0649507135186676,120,23.0,2.0,161.89710003194517
10078700,30,163,30,0,0,0,2.418546507948275,0.0649507135186676,120,5.0,0.0,37.07846359724863
10078800,26,157,26,0,0,0,2.416100220362229,0.0646756144234583,120,28.0,4.0,176.88324264573808
10078900,25,168,25,0,0,0,2.4127442291767185,0.06487639151678921,120,11.0,1.0,74.32135772557237
10079000,24,148,24,0,0,0,2.4234309899776005,0.06464693142877818,120,8.0,0.0,60.358782207609536
10079100,23,132,23,0,0,0,2.4268301401957832,0.0641706529610677,120,12.0,1.0,83.72894821673874
10079200,20,113,20,0,0,0,2.4325111160579835,0.06431659548291661,120,16.0,1.0,116.98058106043004
10079300,17,114,17,0,0,0,2.4384400457176367,0.06405107956183734,120,30.0,3.0,212.02555218233115
10079400,14,103,14,0,0,0,2.4392429554078565,0.0632644355975109,120,28.0,3.0,194.42451258940264
10079500,12,105,12,0,0,0,2.4344759966901024,0.06374780635973659,120,29.0,2.0,219.19815233769384
10079600,8,83,8,0,0,0,2.449006860452186,0.06476611549605109,120,50.0,4.0,361.6468051736353
10079700,6,46,6,0,0,0,2.4320091472695817,0.06409359075390207,120,30.0,2.0,229.0486333709863
10079800,3,41,3,0,0,0,2.4808291758841463,0.06507589465157877,120,35.0,3.0,275.12895316609814
10079900,2,29,2,0,0,0,2.4712437638262195,0.0670628233117063,120,5.0,1.0,34.94031669600927
10080000,2,1,2,0,0,0,2.4712437638262195,0.0670628233117063,120,7.0,0.0,59.36221687206487
10080100,100,471,0,0,0,100,2.405512192516669,0.06371017594212197,121,14.0,0.0,99.32063456611667
10080200,100,318,0,0,0,100,2.405512192516669,0.06371017594212197,121,5.0,0.0,34.26619645033654
10080300,100,257,0,0,0,100,2.405512192516669,0.06371017594212197,121,3.0,0.0,19.086530817050914
10080400,98,220,94,0,3,1,2.4057963241199944,0.06368292049409469,121,5.0,0.0,32.652600605169965
10080500,98,206,95,0,3,0,2.4057963241199944,0.06368292049409469,121,4.0,0.0,26.335163648109777
10080600,97,200,94,0,3,0,2.4081726945443407,0.06369457719022022,121,3.0,0.0,21.0
10080700,95,200,93,0,2,0,2.4130465536462236,0.06371169318238376,121,3.0,0.0,20.782735207000748
10080800,93,198,92,0,1,0,2.4125218687885024,0.0636554317372496,121,1.0,0.0,6.471013175684823
10080900,90,207,90,0,0,0,2.41416562967228,0.0637708427063167,121,3.0,0.0,20.70285799629221
10081000,87,195,87,0,0,0,2.415611685417576,0.06374949007558267,121,6.0,0.0,40.75949305863381
10081100,82,198,82,0,0,0,2.4160142725303797,0.06402800212648745,121,1.0,1.0,0.0
10081200,81,213,81,0,0,0,2.4165855386716504,0.0640464051546305,121,2.0,0.0,13.557139515598536
10081300,79,222,79,0,0,0,2.417359461660033,0.06400419762484241,121,0.0,0.0,0.0
10081400,77,225,77,0,0,0,2.4161577648908605,0.06403850501736069,121,0.0,0.0,0.0
10081500,76,230,76,0,0,0,2.4158206967403286,0.06417315771314518,121,5.0,0.0,32.961895629333654
10081600,74,232,74,0,0,0,2.4167796322023776,0.06426872289601002,121,2.0,0.0,14.0
10081700,73,235,73,0,0,0,2.415639627164054,0.0644285441351423,121,3.0,0.0,20.308120699343366
10081800,73,246,73,0,0,0,2.415639627164054,0.0644285441351423,121,2.0,0.0,13.302025407282223
10081900,71,256,71,0,0,0,2.413263278633464,0.06443514685701353,121,1.0,1.0,0.0
10082000,70,273,70,0,0,0,2.414446548664441,0.06455311382237745,121,0.0,0.0,0.0
10082100,69,293,69,0,0,0,2.4132066435726216,0.06435088244001341,121,5.0,1.0,29.656260186212307
10082200,68,314,68,0,0,0,2.4137631871564564,0.06433005160329673,121,2.0,0.0,13.975792260713224
10082300,68,302,68,0,0,0,2.4137631871564564,0.06433005160329673,121,0.0,0.0,0.0
10082400,66,323,66,0,0,0,2.4173892234244945,0.06449709575652687,121,8.0,1.0,47.06847750971856
10082500,66,343,66,0,0,0,2.4173892234244945,0.06449709575652687,121,0.0,0.0,0.0
10082600,66,359,66,0,0,0,2.4173892234244945,0.06449709575652687,121,3.0,0.0,19.9423852949347
10082700,64,369,64,0,0,0,2.419308849345037,0.0645910846651747,121,5.0,1.0,28.5062850379837
10082800,64,385,64,0,0,0,2.419308849345037,0.0645910846651747,121,3.0,0.0,22.26
10082900,64,399,64,0,0,0,2.419308849345037,0.0645910846651747,121,2.0,0.0,13.587686605277876
10083000,63,411,63,0,0,0,2.4197510424192017,0.06451797926660499,121,0.0,0.0,0.0
10083100,63,432,63,0,0,0,2.4197510424192017,0.06451797926660499,121,3.0,0.0,19.603195053264717
10083200,63,441,63,0,0,0,2.4197510424192017,0.06451797926660499,121,3.0,0.0,20.71212028848984
10083300,63,444,63,0,0,0,2.4197510424192017,0.06451797926660499,121,1.0,0.0,6.570872066271024
10083400,62,458,62,0,0,0,2.4209286394958305,0.06451994163455306,121,1.0,0.0,7.089069248954141
10083500,60,497,60,0,0,0,2.419251468684818,0.06452018999488973,121,3.0,0.0,21.267207746862425
10083600,59,507,59,0,0,0,2.4178828495099842,0.06455269247382212,121,4.0,0.0,28.0
10083700,58,503,58,0,0,0,2.418389443108317,0.06461986526674489,121,2.0,1.0,7.840000000000001
10083800,57,528,57,0,0,0,2.418922155510397,0.06438887798030454,121,1.0,0.0,7.253730637453123
10083900,56,548,56,0,0,0,2.4175100448478646,0.0644513329190318,121,1.0,0.0,7.420000000000001
10084000,55,550,55,0,0,0,2.416010227481461,0.06454629618686442,121,0.0,0.0,0.0
10084100,55,546,55,0,0,0,2.416010227481461,0.06454629618686442,121,1.0,0.0,6.572769922776029
10084200,54,547,54,0,0,0,2.4144548613237107,0.06460983431705056,121,0.0,0.0,0.0
10084300,54,574,54,0,0,0,2.4144548613237107,0.06460983431705056,121,0.0,0.0,0.0
10084400,54,576,54,0,0,0,2.4144548613237107,0.06460983431705056,121,4.0,0.0,27.558309768328087
10084500,54,567,54,0,0,0,2.4144548613237107,0.06460983431705056,121,6.0,0.0,45.772769922776035
10084600,54,554,54,0,0,0,2.4144548613237107,0.06460983431705056,121,7.0,0.0,53.20000000000001
10084700,54,532,54,0,0,0,2.4144548613237107,0.06460983431705056,121,2.0,0.0,14.840000000000002
10084800,54,552,54,0,0,0,2.4144548613237107,0.06460983431705056,121,3.0,0.0,21.837707367359556
10084900,52,556,52,0,0,0,2.4111646636823156,0.06471873847832249,121,11.0,2.0,63.10226161684481
10085000,52,570,52,0,0,0,2.4111646636823156,0.06471873847832249,121,1.0,0.0,6.572769922776029
10085100,52,586,52,0,0,0,2.4111646636823156,0.06471873847832249,121,6.0,0.0,44.26048535943263
10085200,51,588,51,0,0,0,2.409422794342753,0.06471722748051906,121,8.0,1.0,51.40074952537115
10085300,49,557,49,0,0,0,2.4087440818151684,0.06444121577723201,121,13.0,1.0,86.70261517683429
10085400,48,527,48,0,0,0,2.4090117352399045,0.06461437604694718,121,2.0,0.0,14.251438004812677
10085500,48,491,48,0,0,0,2.4090117352399045,0.06461437604694718,121,14.0,0.0,99.5118682457718
10085600,47,474,47,0,0,0,2.4111678303956063,0.0646196539697536,121,6.0,0.0,41.461955013756274
10085700,46,450,46,0,0,0,2.4137262983861043,0.06468649728216003,121,2.0,0.0,15.680000000000001
10085800,43,440,43,0,0,0,2.4167960061478984,0.06442435407129567,121,18.0,2.0,111.2032541458915
10085900,41,439,41,0,0,0,2.417955531329113,0.06443884299844461,121,11.0,1.0,74.37057327297094
10086000,40,415,40,0,0,0,2.419660688510313,0.0646176355050769,121,1.0,0.0,8.26
10086100,39,395,39,0,0,0,2.4176752046216534,0.06459609473210051,121,6.0,0.0,45.581682471458286
10086200,36,373,36,0,0,0,2.431249001666623,0.06474946036956378,121,8.0,1.0,53.84679357768611
10086300,33,347,33,0,0,0,2.4268566338466897,0.06411015650825289,121,9.0,2.0,53.63345183151335
10086400,32,327,32,0,0,0,2.4245709036543985,0.0642133251429324,121,1.0,0.0,6.94481350331052
10086500,31,311,31,0,0,0,2.4221377069980887,0.064294381548636,121,0.0,0.0,0.0
10086600,31,297,31,0,0,0,2.4221377069980887,0.064294381548636,121,12.0,0.0,96.2375211081636
10086700,29,290,29,0,0,0,2.4227146993842914,0.0639772188669723,121,2.0,1.0,6.94481350331052
10086800,27,282,27,0,0,0,2.4412526552346527,0.06384852851749068,121,18.0,2.0,117.49032440056759
10086900,24,281,24,0,0,0,2.439175444763569,0.06415355113820202,121,18.0,2.0,124.44258564130105
10087000,23,241,23,0,0,0,2.4365308988837246,0.06434268420608204,121,5.0,0.0,37.13218158463327
10087100,22,239,22,0,0,0,2.440835233320021,0.06449437195864437,121,12.0,1.0,85.57440191169458
10087200,19,234,19,0,0,0,2.459663747498851,0.0654590944402851,121,9.0,2.0,53.2160047792364
10087300,18,219,18,0,0,0,2.457422844582121,0.06561013207764449,121,2.0,0.0,15.625774663997621
10087400,16,231,16,0,0,0,2.4592736854895865,0.06466691991104037,121,25.0,2.0,179.91023322216225
10087500,13,232,13,0,0,0,2.4549153299757953,0.06533983854750199,121,9.0,1.0,62.343093433437
10087600,12,238,12,0,0,0,2.451158274140445,0.06553252792963599,121,8.0,1.0,54.226228882541605
10087700,9,233,9,0,0,0,2.4492329145448832,0.0645353589589171,121,12.0,2.0,79.17509699727846
10087800,9,216,9,0,0,0,2.4492329145448832,0.0645353589589171,121,6.0,0.0,48.471443233633565
10087900,8,201,8,0,0,0,2.453182851789432,0.06427257376221708,121,7.0,1.0,49.559999999999995
10088000,7,206,7,0,0,0,2.4464946877593508,0.06464069988190184,121,10.0,1.0,71.88870603068474
10088100,4,250,4,0,0,0,2.4067356602377625,0.0695827277181909,121,17.0,2.0,120.05730855281938
10088200,3,265,3,0,0,0,2.395678720801871,0.07279462533745674,121,10.0,1.0,69.87317399968292
10088300,2,247,2,0,0,0,2.4056142624825387,0.0730335321501073,121,14.0,1.0,101.7649391110765
10088400,2,217,2,0,0,0,2.4056142624825387,0.0730335321501073,121,0.0,0.0,0.0
10088500,2,196,2,0,0,0,2.4056142624825387,0.0730335321501073,121,0.0,0.0,0.0
10088600,98,358,0,0,0,98,2.385443402666308,0.07072139243861401,122,23.0,2.0,138.0757263884936
10088700,97,251,0,0,0,97,2.384262406817507,0.07080016666096128,122,5.0,1.0,25.585409898510235
10088800,94,192,0,0,0,94,2.3888885370408413,0.0707728295423887,122,9.0,1.0,52.13936512015973
10088900,93,173,90,0,2,1,2.3901265238540024,0.07074045328287995,122,2.0,0.0,14.0
10089000,89,172,86,0,2,1,2.3916476976663,0.07094723126143686,122,17.0,1.0,100.91470677941706
10089100,86,173,84,0,1,1,2.393412010444005,0.07076924826614243,122,2.0,1.0,6.632159157118193
10089200,85,183,84,0,1,0,2.392764226594851,0.07077286021373487,122,6.0,0.0,37.858674474091046
10089300,83,186,82,0,1,0,2.3974094234568866,0.07098730995863055,122,0.0,0.0,0.0
10089400,81,198,81,0,0,0,2.395631421706137,0.07095701086135946,122,7.0,0.0,47.31387240743324
10089500,78,212,78,0,0,0,2.3933014985615095,0.07080166840075594,122,0.0,0.0,0.0
10089600,77,233,77,0,0,0,2.3950407150534443,0.07077747036022214,122,3.0,0.0,21.0
10089700,77,233,77,0,0,0,2.3950407150534443,0.07077747036022214,122,1.0,0.0,6.970362088336832
10089800,77,250,77,0,0,0,2.3950407150534443,0.07077747036022214,122,4.0,0.0,27.951123339819443
10089900,76,278,76,0,0,0,2.3936596718304632,0.07092061732345155,122,0.0,0.0,0.0
10090000,76,290,76,0,0,0,2.3936596718304632,0.07092061732345155,122,4.0,0.0,28.680060607825244
10090100,74,288,74,0,0,0,2.398619283751962,0.07089579218499575,122,4.0,0.0,27.7926930862131
10090200,72,309,72,0,0,0,2.395803152745072,0.0709331370388768,122,9.0,1.0,54.68228570268549
10090300,71,327,71,0,0,0,2.3961758276306777,0.07083123969192377,122,1.0,0.0,6.819428997471047
10090400,70,345,70,0,0,0,2.394692625168259,0.07069313730818061,122,5.0,1.0,28.097315039607523
10090500,69,347,69,0,0,0,2.3973628402401097,0.07095816486018527,122,0.0,0.0,0.0
10090600,67,360,67,0,0,0,2.395806783926153,0.07082609268115218,122,1.0,1.0,0.0
10090700,67,377,67,0,0,0,2.395806783926153,0.07082609268115218,122,6.0,0.0,39.76982982336237
10090800,66,403,66,0,0,0,2.3943751631545878,0.0707557288781096,122,2.0,0.0,12.447008088264237
10090900,64,411,64,0,0,0,2.3939716145258987,0.07081727156537729,122,12.0,1.0,74.74807134009494
10091000,63,430,63,0,0,0,2.392288624280278,0.07075040444851097,122,6.0,1.0,32.79651077293746
10091100,63,442,63,0,0,0,2.392288624280278,0.07075040444851097,122,4.0,0.0,27.521597900577362
10091200,63,455,63,0,0,0,2.392288624280278,0.07075040444851097,122,0.0,0.0,0.0
10091300,63,460,63,0,0,0,2.392288624280278,0.07075040444851097,122,4.0,0.0,28.0
10091400,61,465,61,0,0,0,2.3922820154656357,0.07095150927924994,122,0.0,0.0,0.0
10091500,61,474,61,0,0,0,2.3922820154656357,0.07095150927924994,122,2.0,0.0,14.0
10091600,61,491,61,0,0,0,2.3922820154656357,0.07095150927924994,122,9.0,0.0,61.13668672686595
10091700,60,528,60,0,0,0,2.3937446753525595,0.07099435124922625,122,4.0,0.0,29.26
10091800,59,562,59,0,0,0,2.3950788044734166,0.0708316851979636,122,0.0,0.0,0.0
10091900,58,568,58,0,0,0,2.3954932586293287,0.07111571629947165,122,0.0,0.0,0.0
10092000,58,563,58,0,0,0,2.3954932586293287,0.07111571629947165,122,1.0,0.0,7.819535789324734
10092100,58,572,58,0,0,0,2.3954932586293287,0.07111571629947165,122,2.0,0.0,14.340030303912622
10092200,57,583,57,0,0,0,2.398744591147801,0.07093679333239397,122,7.0,1.0,43.61913629525468
10092300,56,612,56,0,0,0,2.3987847474959274,0.07098693273628068,122,0.0,0.0,0.0
10092400,55,620,55,0,0,0,2.399368332221889,0.07102479129860985,122,7.0,0.0,47.93293083153313
10092500,55,613,55,0,0,0,2.399368332221889,0.07102479129860985,122,1.0,0.0,7.420000000000001
10092600,55,596,55,0,0,0,2.399368332221889,0.07102479129860985,122,1.0,0.0,6.294082098764557
10092700,54,583,54,0,0,0,2.3975047828185905,0.07128520040337803,122,0.0,0.0,0.0
10092800,52,589,52,0,0,0,2.395503056398535,0.07168471717931466,122,2.0,0.0,14.777167627274086
10092900,52,574,52,0,0,0,2.395503056398535,0.07168471717931466,122,6.0,0.0,43.85153565286906
10093000,52,581,52,0,0,0,2.395503056398535,0.07168471717931466,122,0.0,0.0,0.0
10093100,52,579,52,0,0,0,2.395503056398535,0.07168471717931466,122,0.0,0.0,0.0
10093200,51,594,51,0,0,0,2.3992506506423155,0.07179307183590085,122,6.0,1.0,36.6636504374522
10093300,50,593,50,0,0,0,2.397235663655162,0.0721145864204996,122,11.0,0.0,82.03764996823989
10093400,47,600,47,0,0,0,2.397081476218813,0.07229928982447259,122,4.0,0.0,27.12730087490439
10093500,45,609,45,0,0,0,2.392507319606316,0.0720357589706829,122,16.0,1.0,109.42439782123688
10093600,43,607,43,0,0,0,2.394650050081191,0.07194848477872776,122,15.0,1.0,103.69875052635958
10093700,43,609,43,0,0,0,2.394650050081191,0.07194848477872776,122,5.0,0.0,36.79823166017481
10093800,42,605,42,0,0,0,2.392542363426694,0.0717281854343116,122,2.0,0.0,14.638123914896656
10093900,40,605,40,0,0,0,2.392783916606297,0.07160611708779237,122,9.0,1.0,54.54367126022208
10094000,37,592,37,0,0,0,2.397116032551318,0.07151805173314343,122,26.0,2.0,172.99496867594004
10094100,34,598,34,0,0,0,2.3940572004689935,0.07215673484517414,122,14.0,2.0,84.22961717930663
10094200,31,601,31,0,0,0,2.3889974719158222,0.07188885433689647,122,1.0,1.0,0.0
10094300,30,583,30,0,0,0,2.389941759385734,0.07186794522678529,122,3.0,0.0,21.957185872344986
10094400,29,582,29,0,0,0,2.390441733569133,0.07173025956664487,122,9.0,1.0,58.83740885017117
10094500,28,568,28,0,0,0,2.389537034797436,0.07175894649562374,122,9.0,1.0,54.08628966497415
10094600,25,569,25,0,0,0,2.396758498785701,0.07129564612730063,122,9.0,2.0,54.223917204085154
10094700,25,567,25,0,0,0,2.396758498785701,0.07129564612730063,122,0.0,0.0,0.0
10094800,25,569,25,0,0,0,2.396758498785701,0.07129564612730063,122,4.0,0.0,29.690534355686616
10094900,24,563,24,0,0,0,2.393084115433433,0.07119183308578769,122,7.0,1.0,45.076736329454214
10095000,23,560,23,0,0,0,2.388435598713148,0.07106478265539427,122,6.0,0.0,42.70141608758492
10095100,23,554,23,0,0,0,2.388435598713148,0.07106478265539427,122,0.0,0.0,0.0
10095200,23,530,23,0,0,0,2.388435598713148,0.07106478265539427,122,11.0,0.0,82.75983460218951
10095300,21,465,21,0,0,0,2.379641614826089,0.07053014247859167,122,13.0,2.0,81.66271006337932
10095400,20,433,20,0,0,0,2.3736236955673933,0.07112722990468398,122,28.0,1.0,201.99137610586257
10095500,19,400,19,0,0,0,2.3822825116530812,0.07128785185644122,122,15.0,1.0,109.33019725196503
10095600,17,398,17,0,0,0,2.396463783789375,0.07209067875893671,122,14.0,2.0,94.12643992283377
